hotel_id,hotel_name,address,city,state,star_rating,number_of_reviews,rating_average,price
168,Melia Purosani Yogyakarta,Jalan Suryotomo No. 31,Yogyakarta,D.I. Yogyakarta,5,745,8.7,718081
268,The Oberoi Beach Resort,"Jl Kayu Aya,  Seminyak Beach",Bali,Bali,5,522,9.2,7434258
385,Mercure Kuta Bali,Kuta Beach Street 10 X Br Pande Mas,Bali,Bali,3.5,2372,7.8,619001
400,Verwood Hotel and Serviced Residence,Jalan Raya Kupang Indah,Surabaya,East Java,4,2398,8,369077
813,Gran Melia Jakarta,Jalan H.R. Rasuna Said Kav. X - O,Jakarta,DKI Jakarta,5,1496,8.4,1309184
950,Le Méridien Jakarta,"Jalan Jenderal Sudirman, Kav 18 - 20",Jakarta,DKI Jakarta,4.5,593,8.2,1150000
995,Discovery Kartika Plaza Hotel,"Jl. Kartika Plaza, Po Box 1012",Bali,Bali,5,2119,8.5,650826
1139,Mercure Jakarta Kota Hotel,Jl. Hayam Wuruk 123,Jakarta,DKI Jakarta,4,1522,7.6,818188
1251,Prime Plaza Hotel Sanur - Bali,Jalan Hang Tuah 46,Bali,Bali,4,888,7.9,620052
1418,Hotel Vila Lumbung,"Jalan Raya Petitenget, No. 1000 X Petitenget",Bali,Bali,4,961,8.1,397727
1777,Ibis Jakarta Tamarin Hotel,Jl. Kh Wahid Hasyim 77 Jakarta Pusat,Jakarta,DKI Jakarta,3,1150,7.3,356401
1781,Aryaduta Menteng,Jl. Prajurit KKO Usman &amp; Harun 44-48,Jakarta,DKI Jakarta,5,2268,8.1,465468
1822,Grand Inna Kuta,"Jl Pantai Kuta No 1, Br. Pande Mas",Bali,Bali,4,3291,8,499101
1961,Legian Beach Hotel,"Jalan Melasti, Legian Kelod",Bali,Bali,4,1700,8.2,617488
2009,Mercure Resort Sanur,Jalan Mertasari,Bali,Bali,4,1247,7.7,663431
2209,Villa Seminyak Estate & Spa Hotel - By Astadala,"Jl.Baik-Baik , Seminyak Kuta",Bali,Bali,4,579,8,585455
2313,Wyndham Casablanca Jakarta,Jalan Casablanca Kav.18,Jakarta,DKI Jakarta,5,2492,8.3,9364301
2484,Hilton Bali Resort,Jl Raya Nusa Dua Selatan Nusa Dua,Bali,Bali,5,1388,8.3,855001
2537,CAMAKILA Tanjung Benoa,"Jl. Pratama 97a Tanjung Benoa, Nusa Dua",Bali,Bali,4,870,7.7,1520069
2716,Angsana Bintan,"Jalan Teluk Berembang, Laguna Bintan, Lagoi 29155, Bintan Resort",Bintan Island,Riau Islands,5,2197,7.8,1455162
2739,The Pavilions Bali,Jalan Danau Tamblingan No. 76 ,Bali,Bali,5,61,9.1,2290970
3164,Tugu Bali Hotel,Jl. Pantai Batu Bolong,Bali,Bali,5,252,9.1,2261636
3384,The Oberoi Lombok,"Medana beach,Tanjung",Lombok,West Nusa Tenggara,5,123,9,4399276
3496,Aryaduta Lippo Village,"401 Boulevard Jendral Sudirman, Lippo Village1300, Tangerang, Indonesia",Tangerang,Banten,5,1710,8.1,1192501
3632,InterContinental Bali Resort,Jalan Uluwatu 45,Bali,Bali,5,832,8.7,2282333
3722,Ibis Jakarta Slipi Hotel,Jalan Letjen S.Parman Kavling 59 Jakarta Barat 11066 - INDONESIA,Jakarta,DKI Jakarta,3,1849,7.4,484001
3920,Sativa Sanur Cottages Hotel,Jl. Cemara 25 - Banjar Semawang,Bali,Bali,3,557,7.8,379339
4264,Grand Hyatt Jakarta,Jalan M H Thamrin Kav. 28-30,Jakarta,DKI Jakarta,5,638,8.9,1267293
4355,Vila Ombak Hotel,Gili Trawangan,Lombok,West Nusa Tenggara,4,2277,8.1,368142
4843,Grand Inna Malioboro,Jalan Malioboro 60,Yogyakarta,D.I. Yogyakarta,4,1870,8.1,2636701
5171,The Jayakarta Suites Bandung,"Jl.Ir.H.Juanda 381 A, Bandung Jawa Barat",Bandung,West Java,4,2633,7.6,592761
5354,Prama Sanur Beach Bali Hotel,JL. Cemara,Bali,Bali,5,1672,8.3,1123450
5376,Gran Mahakam Hotel,Jalan Mahakam I No.8,Jakarta,DKI Jakarta,5,2379,8.4,1023000
5543,Novotel Yogyakarta Hotel,Jalan Jendral Sudirman No. 89,Yogyakarta,D.I. Yogyakarta,4,1511,8,288677
5856,Legian Paradiso Hotel,Jalan Legian No. 118,Bali,Bali,3,1111,7.9,133187
5997,SOL by Meliá Kuta Bali,Bakung Sari Street Number 81,Bali,Bali,4,1449,8,576955
6099,Candi Beach Resort and Spa,"Mendira Beach, Sengkidu, Karangasem - Bali",Bali,Bali,4,711,8.6,1109530
6504,"AYANA Resort and Spa, BALI","Karang Mas Estate, Jl. Karang Mas Sejahtera",Bali,Bali,5,3442,8.9,3728316
6863,Ibis Jakarta Arcadia Hotel,Jalan K H Wahid Hasyim No 114,Jakarta,DKI Jakarta,3,1742,7.4,400001
7203,Keraton Jimbaran Resort,"Jl. Mrajapati, P.O.Box 2023",Bali,Bali,4,1173,7.9,435993
7284,White Rose Kuta Resort - Villas & Spa,Jalan Legian Kuta,Bali,Bali,4,1923,8.1,450558
7347,Shangri-la Hotel Jakarta,"Kota BNI, Jl. Jend. Sudirman Kav. 1",Jakarta,DKI Jakarta,5,1165,8.8,1092192
7416,Holiday Inn Resort Batam,Waterfront City,Batam Island,Riau Islands,4,1644,7.7,1007001
7534,Maya Ubud Resort and Spa,"Jl.Gunung Sari, Peliatan P.O. Box 1001",Bali,Bali,5,692,9,1836139
7575,Bumi Surabaya City Resort,JL. Jend Basuki Rahmat 106-128,Surabaya,East Java,5,2515,9,635132
7584,Hotel Borobudur Jakarta,"Jl. Lapangan Banteng Selatan No.1, PO Box 1329",Jakarta,DKI Jakarta,5,3517,8.3,1966942
8126,Hotel Ciputra Jakarta,Jalan Let. Jend. S.Parman,Jakarta,DKI Jakarta,4,3963,7.9,431436
8424,Hotel Ibis Yogyakarta,Jalan Malioboro No 52-58,Yogyakarta,D.I. Yogyakarta,3,1980,7.8,509091
8602,Grand Inna Medan,Jalan Balaikota No.2,Medan,North Sumatera,4,457,7.4,319586
8650,Hard Rock Hotel Bali,"Jalan Pantai, Banjar Pande Mas",Bali,Bali,5,3364,8.3,1356233
9076,Century Park Hotel,Jl. Pintu Satu,Jakarta,DKI Jakarta,4,4641,7.9,525425
10323,Alila Manggis,"Desa Buitan Manggis, Karangasem",Bali,Bali,4.5,284,8.7,1166493
10325,Hotel Nikko Bali Benoa Beach,Jl. Pratama 68X Nusa Dua,Bali,Bali,5,1468,8.1,636559
10328,Ayodya Resort,Jalan Pantai Mengiat,Bali,Bali,5,2660,8.4,925621
10331,Grand Balisani Suites Hotel,"Jl. Batubelig Beach, Kerobokan",Bali,Bali,4,2014,7.7,2584952
10332,Champlung Sari Hotel,Jl. Monkey Forest,Bali,Bali,3,1099,7.6,241443
10334,Grand Hyatt Bali,"Kawasan Wisata Nusa Dua BTDC, Nusa Dua",Bali,Bali,5,1026,8.3,1900941
10335,Grand Mirage Resort & Thalasso Bali,Jl. Pratama 74 ,Bali,Bali,5,3069,7.9,1455122
10336,Griya Santrian a Beach Resort,"Jl. Danau Tamblingan 47, Po Box 3055 Denpasar ",Bali,Bali,4,1314,8.6,1417355
10338,Bali Tropic Resort and Spa,Jl. Pratama 34 A - Nusa Dua ,Bali,Bali,5,1237,8.1,1121908
10342,Wina Holiday Villa Hotel,"Jalan Pantai Kuta, Kuta Bali",Bali,Bali,4,1844,7.5,223383
10344,Kuta Paradiso Hotel,Kartika Plaza Street,Bali,Bali,5,3185,8,579391
10347,Melia Bali,Kawasan Wisata ITDC Lot. 1 Nusa Dua,Bali,Bali,5,2712,8.2,1279226
10348,Novotel Bali Benoa Hotel,"Jalan Pratama, Tanjung Benoa",Bali,Bali,4.5,695,8,710001
10350,Nusa Dua Beach Hotel and Spa,"Kawasan Pariwisata, Lot North 4, Nusa Dua",Bali,Bali,5,1898,8.5,1093662
10351,Pertiwi Resorts And Spa,Jl. Monkey Forest,Bali,Bali,4,1019,7.7,718429
10352,Puri Bagus Lovina Resort,Jalan Raya Seririt Desa Pemaron - Singaraja Lovina,Bali,Bali,4,151,8.3,1088851
10354,Puri Santrian Beach Resort & Spa,Jalan Cemara 35,Bali,Bali,4,2303,8.5,1475207
10357,Ramayana Candidasa,Jalan Raya Sengkidu,Bali,Bali,5,637,8,800603
10358,Bintang Bali Resort,"Jalan Kartika Plaza, Kuta, Bali, Indonesia",Bali,Bali,5,1667,8,678356
10359,The Seminyak Beach Resort & Spa,Jl. Kayu Aya Seminyak Beach,Bali,Bali,5,1084,8.7,2422195
10362,"The Laguna, a Luxury Collection Resort & Spa, Nusa Dua, Bali",Kawasan Pariwisata Nusa Dua Lot N2,Bali,Bali,5,519,8.7,1400000
10366,Alila Ubud Bali,Desa Melinggih Kelod Payangan Gianyar,Bali,Bali,5,490,8.5,1437025
10367,Inna Grand Bali Beach Hotel,Jl Hang Tuah,Bali,Bali,4,2587,7.4,677902
10368,The Legian Bali Hotel,Jalan Kayu Aya Seminyak Beach,Bali,Bali,5,284,9.2,4880000
10371,Holiday Resort Lombok,"Jalan Raya Sengiggi,",Lombok,West Nusa Tenggara,4,1898,8.1,603699
10374,Pool Villa Club Lombok,Jl. Pantai Senggigi,Lombok,West Nusa Tenggara,5,373,8.9,1273622
10375,Kila Senggigi Beach Hotel Lombok,Senggigi Beach Street,Lombok,West Nusa Tenggara,4,1632,8.3,527768
45519,Balisani Padma Hotel,"Jalan Padma Utara, Kuta PO Box 2011",Bali,Bali,2,1763,6.6,252024
45521,Aditya Beach Resort and Spa,Lovina main street,Bali,Bali,3,290,7.6,324001
45526,Padma Resort Legian,"Jl. Padma No 1, P.O. Box 1107 TBB",Bali,Bali,5,1300,9,2408097
45529,Bali Rani Hotel,Kartika Plaza Street,Bali,Bali,4,898,8.2,556732
45533,WakaGangga Hotel,"Jalan Yeh Gangga, Desa Sudimara, Tabanan",Bali,Bali,4,121,8.8,1280538
45540,Adi Dharma Hotel,Jl. Benesari Kuta,Bali,Bali,4,1287,8.1,308721
45546,Pelangi Bali Hotel & Spa,Jl. Camplung Tanduk,Bali,Bali,4,926,8,433884
45547,The Damai,"Jl. Kayuputih, Lovina, Singaraja",Bali,Bali,4,200,9,1713301
45552,OYO Flagship 760 Oasis Kuta,"001, Jl. Bakung Sari, Kuta, Kabupaten Badung, Bali, Badung",Bali,Bali,3,2242,6.7,900001
45554,Sheraton Mustika Yogyakarta Resort & Spa,JL Laksda Adisucipto KM 8.7,Yogyakarta,D.I. Yogyakarta,4.5,1056,7.9,830001
45555,Kuta Seaview Boutique Resort,Jalan Pantai Kuta,Bali,Bali,5,2887,8.2,1064750
45556,Bali Agung Village Hotel,"Sarinande Street No.3, Seminyak-Kuta, PO BOX 2089",Bali,Bali,3,580,7.7,506182
45560,Bali Mandira Beach Resort & Spa,Jalan Padma Legian Klod - Legian Beach,Bali,Bali,4,875,8.5,549131
45561,Parigata Resort And Spa,"Jalan Danau Tamblingan No. 87 Batu Jimbar - Sanur P.O. Box 3708, DPS.",Bali,Bali,4,357,8,334786
45562,Ramayana Resort & Spa,Jalan Bakung Sari,Bali,Bali,4,3351,8,1557066
45563,AlamKulKul Boutique Resort,"Jalan Pantai Kuta, Legian",Bali,Bali,4,1516,8.1,498992
45566,Le Grandeur Mangga Dua Hotel,Jl. Mangga Dua Raya,Jakarta,DKI Jakarta,5,5237,7.8,682779
45567,NusaBay Menjangan Resort by WHM,"Jl. Raya Gilimanuk Km 15, Singaraja",Bali,Bali,3,188,8.2,754341
48646,Coral View Villas,Jalan Raya Lipah - Bunutan Amed,Bali,Bali,3,214,8.1,738375
48651,Hidden Paradise Cottages,Lipah Beach - Amed,Bali,Bali,3,169,8,739576
48655,Taman Sari Bali Resort & Spa,"Desa Pemuteran, Gerokgak, Singaraja ",Bali,Bali,4,492,8.8,533958
48656,Bali Taman Beach Resort & Spa Lovina,"Jl. Raya Seririt - Singaraja Km. 6, Tukad Mungga bay, Lovina Singaraja - North Bali",Bali,Bali,3,206,7.5,991011
48658,Mentari Sanur Hotel,Hangtuah Street III No. 3,Bali,Bali,3,397,7.4,592905
48659,Garden Palace Hotel,"Jl. Yos Sudarso 11, East Java",Surabaya,East Java,4,2423,7.8,409324
48663,Sahid Kawanua Hotel,Jl Sam Ratulangi 1,Manado,North Sulawesi,2,36,5.3,216596
48666,Millennium Hotel Sirih Jakarta,Jalan Fachrudin 3,Jakarta,DKI Jakarta,4,2483,7.9,375001
48669,The Media Hotel & Towers,Jl. Gunung Sahari Raya,Jakarta,DKI Jakarta,5,1715,7.4,535363
48671,The Phoenix Hotel Yogyakarta,Jalan Jenderal Sudirman No. 9,Yogyakarta,D.I. Yogyakarta,5,2676,8.7,521856
48679,ZEN Rooms Kalimas KH Mas Mansyur,Jl. KH Mansyur 151,Surabaya,East Java,2,88,6.7,174975
48681,The Jayakarta Yogyakarta Hotel & Spa,Jalan Laksda Adisucipto Km 8,Yogyakarta,D.I. Yogyakarta,4,558,7.6,253817
48686,Melasti Beach Resort & Spa,"Jl. Padma Utara, Legian Beach",Bali,Bali,3,1768,7.6,423990
48690,HARRIS Hotel Tuban,Jalan Dewi Sartika,Bali,Bali,4,2710,8.1,255124
48691,Inna Sindhu Beach Resort and Hotel,Jl. Pantai Sindhu No.14,Bali,Bali,3,993,8.3,645372
48694,Surabaya Suites Hotel,"Plaza Boulevard I, Jl. Pemuda 31-37",Surabaya,East Java,4,1134,7.8,364028
48697,Aryaduta Manado,Jl. Piere Tendean Boulevard,Manado,North Sulawesi,4,1337,8,466877
48699,Conrad Bali,Jalan Pratama 168,Bali,Bali,5,955,8.4,1620000
48703,Segara Village Hotel,Jl. Segara Ayu,Bali,Bali,4.5,868,8.4,1546201
48704,Matahari Beach Resort & Spa,Jl. Seririt / Gilimanuk,Bali,Bali,5,84,8.8,2751619
48707,Aryaduta Makassar,"Jl. Somba Opu. 297, Losari Area (Pantai Losari)",Makassar,South Sulawesi,5,902,8,645701
48711,Kamandalu Ubud Resort,"Jl. Andong, Banjar Nagi",Bali,Bali,5,1699,8.8,2796564
49685,Bali Ayu Hotel & Villas,Jl. Petitenget 99 X,Bali,Bali,3.5,608,7.8,283471
49686,Grand Barong Resort Bali Managed by Soscomma,"Popies Lane II, Kuta",Bali,Bali,4,2098,8.5,251902
49687,Bounty Hotel,Jalan Segara Batu Bolong 18,Bali,Bali,4,1587,7.3,781129
49689,Aruna Senggigi Resort & Convention,"Jl. Raya Senggigi,",Lombok,West Nusa Tenggara,4,603,8.3,476243
49694,Tugu Malang Hotel,Jl. Tugu No. 3,Malang,East Java,5,689,9.1,929677
49695,Adhi Dharma Cottages,Jalan Raya Legian 155,Bali,Bali,3,366,8.1,311064
49696,Adhi Jaya Hotel,Jl. Kartika Plaza,Bali,Bali,4,1164,8.3,291011
49700,Arma Museum Resort & Villas,Jl. Pengosekan,Bali,Bali,4,391,8.4,1063125
49703,Bali Garden Beach Resort,"Jalan Kartika, Tuban, Kuta, Bali 80361 Indonesia",Bali,Bali,4,1091,8,367125
49706,Biyukukung Suites & Spa,Jl. Sugriwa Ubud.,Bali,Bali,4,1417,8.1,456769
49707,Blue Point Bay Villas & Spa Hotel,"Jl. Labuansait, Pecatu",Bali,Bali,4,3072,7.4,3225000
49710,Casa Padma Suites Legian,Jl. Padma Legian Kuta,Bali,Bali,3,705,8,200291
49713,Dewi Sri Hotel,"Jalan Legian, Gang Troppozone,Kuta Bali",Bali,Bali,2,1158,7.8,537756
49715,Duta Garden Hotel,Kp. Timuran MG III/103,Yogyakarta,D.I. Yogyakarta,3,274,8.2,306793
49720,Grand Candi Hotel,Sisingamangaraja No. 16,Semarang,Central Java,5,1288,7.6,701424
49721,Grand Pasundan Convention Hotel,Jl. Peta No 147-149 (Lingkar Selatan),Bandung,West Java,4,985,7.1,254476
49722,Grand Hotel Preanger,Asia Afrika street no 81,Bandung,West Java,5,2555,8.1,484332
49723,Green Garden Hotel,"Jl Kartika Plaza, South Kuta Beach",Bali,Bali,2,1166,8.6,322984
49726,Warwick Ibah Luxury Villas & Spa,Jalan Raya Campuhan,Bali,Bali,5,400,9.1,2613091
49727,Spa Village Resort Tembok All Inclusive,"Jl. Singaraja - Amlapura No.100 Desa Tembok - Kec. Tejakula, Buleleng",Bali,Bali,4,21,8.8,3158036
49728,Jogja Village,"5th Menukan Street, Karangkajen, Mergangsan",Yogyakarta,D.I. Yogyakarta,3,622,8.8,658667
49730,Kori Ubud Resort & Spa,"Raya Sanggingan Road, 18 Tjampuhan - Ubud Gianyar BAli",Bali,Bali,3,264,8.2,682717
49732,La Taverna Suites,Jl. Danau Tamblingan No. 29,Bali,Bali,3,311,7.7,1370236
49734,Legian Village Hotel,Padma Street,Bali,Bali,3,1045,7.1,153877
49739,Mercure Convention Center Ancol Jakarta,"Jl. Pantai Indah, Taman Impian Jaya",Jakarta,DKI Jakarta,4,3230,7.3,486401
49743,Novotel Bogor Golf Resort and Convention Center,Golf Estate Bogor Raya,Bogor,West Java,4,2064,7.7,871901
49747,Parigata Villas Resort,Jl. Duyung 99 Semawang Sanur,Bali,Bali,4,126,8.3,639399
49753,Puri Saron Seminyak Hotel & Villas,Jl.Camplung Tanduk,Bali,Bali,4,1589,7.7,663311
49754,Puri Saron Hotel Senggigi,"Senggigi,Batulayar,west of lombok,west Nusa Tenggara",Lombok,West Nusa Tenggara,3,125,7.6,380826
49759,Rama Garden Hotel Bali,Padma Street,Bali,Bali,3,589,8.4,742831
49762,Sahadewa Resort & Spa,Jl. Hanoman,Bali,Bali,3,206,7.8,644318
49765,Santi Mandala Villa & Spa Hotel,"Banjar Bucuan, Batuan Villages Sukawati-Ubud P.O. Box 44",Bali,Bali,5,517,8.5,413321
49768,Savoy Homann,Jl. Asia Afrika 112,Bandung,West Java,4,1654,8,490909
49770,Sienna Villas,"Jalan Raya Seminyak, Gang Keraton No. 5",Bali,Bali,3,32,8.9,2042000
49772,Sri Phala Resort & Villa,"By Pass Ngurah Rai No.35, Sanur, Bali",Bali,Bali,3,369,7.6,298438
49773,Taman Rosani Hotel & Villa,Jl. Petitenget Gg. Cendrawasih No.9,Bali,Bali,3,261,7.5,282001
49777,Villa Almarik Resort,Northeast Beach,Lombok,West Nusa Tenggara,4,872,8.2,1397871
49781,Atta Visakha Villas,Jl. Tanjung 41,Bali,Bali,4,196,7.8,440542
49782,The Sungu Resort & Spa,Jl. Raya Penestanan,Bali,Bali,4,352,8.2,1469814
62289,The Royal Beach Seminyak Bali - MGallery Collection,"Jalan Camplung Tanduk, Seminyak Beach",Bali,Bali,5,494,8.4,1658800
62291,Taman Harum Cottages Hotel,JALAN RAYA MAS UBUD,Bali,Bali,3,276,8,228973
62292,Padma Hotel Bandung,JL. Ranca Bentang No. 56-58,Bandung,West Java,5,3781,8.9,1950217
62293,Sheraton Bandung Hotel & Towers,Jalan Ir. H. Juanda No. 390,Bandung,West Java,5,855,8.5,1100000
62296,Banyu Biru Villa,"Jalan Panglima Pantar, Lagoi, Bintan Island, Indonesia, 29155",Bintan Island,Riau Islands,5,253,7.4,3091894
62298,Indra Maya Villas Hotel,"Jalan Panglima Pantar, SiteA5, NIRWANAGARDENS, Bintan Resorts",Bintan Island,Riau Islands,5,51,7.6,5017004
62300,Nirwana Resort Hotel,Jalan Panglima Pantar,Bintan Island,Riau Islands,5,4804,7.7,1061265
62301,The Dharmawangsa Jakarta,Jl.Brawijaya Raya No 26 Kebayoran Baru,Jakarta,DKI Jakarta,5,186,9,2320670
62303,The Sultan Hotel,Jl. Jend.Gatot Subroto Po Box 3315,Jakarta,DKI Jakarta,5,2912,7.6,961381
62304,JW Marriott Hotel Jakarta,"Jl. Dr. Ide Anak Agung Gde Agung, Kav. E 1.2 No.1 & 2, Mega Kuningan",Jakarta,DKI Jakarta,5,892,8.6,1125000
62306,Soechi International Hotel,Jln Cirebon 76 A,Medan,North Sumatera,4,2852,7.4,352001
62307,Hotel Ciputra Semarang,P.o. Box 1288,Semarang,Central Java,5,2066,8.1,636364
62308,Hotel Santika Premiere Semarang,"JL. Pandanaran 116-120,",Semarang,Central Java,4,820,8,519807
62310,JW Marriott Hotel Surabaya,Jl. Embong Malang 85-89,Surabaya,East Java,5,1580,8.8,2299944
62311,Shangri-La Hotel Surabaya,"Jl. Mayjend Sungkono 120, West Surabaya, Surabaya, East Java, Indonesia, 60256",Surabaya,East Java,5,678,8.6,1009181
62313,Risata Bali Resort & Spa,Jalan Wana Segara,Bali,Bali,4,746,8,504032
63320,Pat-Mase Villas at Jimbaran,"Jalan Karang Mas Sejahtera 100X, Kawasan Bukit Permai",Bali,Bali,4,710,7.6,1816774
64313,Sadara Boutique Beach Resort,"Pratama Street, Tanjung Benoa, Nusa Dua - Bali",Bali,Bali,5,1390,8.2,957947
65495,The Jayakarta Bali Beach Resort & Spa,Jalan Werkudara Legian,Bali,Bali,4,1213,7.4,682521
65502,Bali Niksoma Boutique Beach Resort,"Jalan Padma Utara, Legian Kaja",Bali,Bali,4,698,8.9,1265609
65511,Grand Mercure Medan Angkasa,Jl. Sutomo No.1,Medan,North Sumatera,3.5,1003,7.7,501601
65512,Grand Istana Rama Hotel,"Jl.Pantai Kuta Denpasar,",Bali,Bali,4,4027,7.8,361744
65516,Stark Boutique Hotel and Spa Bali,Jl. Kartika Plaza No. 20,Bali,Bali,3,674,7.4,158094
65519,Kupu Kupu Barong Villas & Spa by L'Occitane,Kedewatan P.O. Box 7,Bali,Bali,5,912,8.5,1172277
65523,Natura Resort and Spa,Banjar Laplapan,Bali,Bali,4,321,8.4,1895833
65524,Novotel Bukittinggi,"Jl Laras Datuk Bandaro, Bukittinggi City, West Sumatra 26115, Indonesia",Bukittinggi,West Sumatera,3.5,652,8.4,802644
65527,Puri Artha Hotel,Jalan Cendrawasih 36,Yogyakarta,D.I. Yogyakarta,3,570,8.1,211029
65533,Kusuma Sahid Prince Solo Hotel,Jl. Sugiyopranoto 20 Solo,Solo (Surakarta),Central Java,5,226,6.8,325614
65535,Sukajadi Hotel,Jl. Sukajadi 176,Bandung,West Java,3,2195,7.2,179339
65538,The Patra Bali Resort & Villas,"Jl. Ir. H. Juanda, South Kuta Beach",Bali,Bali,5,1253,8.2,702086
65540,"The Ritz-Carlton Jakarta, Mega Kuningan",Jl. DR. Ide Anak Agung Gde Agung Kav. E.1.1 No.1,Jakarta,DKI Jakarta,5,772,8.9,1325000
65546,The Sunan Hotel Solo,Jalan Ahmad Yani No. 40,Solo (Surakarta),Central Java,4,1287,8.2,417016
65547,Sahid Jaya Solo Hotel,Jl. Gajahmada 82,Solo (Surakarta),Central Java,5,834,7.5,258841
68310,Viceroy Bali,"Jl. Lanyahan, Br. Nagi",Bali,Bali,5,315,9.2,6632727
69542,Hillstone Uluwatu Villa,"Jalan Kahuripan No. 99, Br Bakung Sari, Desa Ungasan Uluwatu 80364 Bali Indonesia",Bali,Bali,4,466,7.9,2970231
69544,Febri's Hotel & Spa,"Kartika Plaza Street, Kuta Beach",Bali,Bali,3,2518,8.4,440946
69546,The Lokha Legian Resort and Spa,Padma Street,Bali,Bali,3,620,8.5,437397
69552,Naya Gawana Resort & Spa,"West Bali National Park,Banyuwedang, Buleleng,North Bali",Bali,Bali,4,119,8.4,1932614
69560,HARRIS Resort Batam Waterfront,"Waterfront City, Marina",Batam Island,Riau Islands,4,4344,7.6,614876
69562,Mayang Sari Beach Resort,"Jalan Panglima Pantar, Lagoi, Bintan Island, Indonesia,",Bintan Island,Riau Islands,5,1035,7.8,1211420
69564,Aston Rasuna Hotel,"Tower A - Lower Ground, Komplek Apartemen Taman Rasuna, Jl.",Jakarta,DKI Jakarta,4,1286,7.2,558264
69568,Sparks Life Jakarta,Mangga Besar Raya Street Number 42,Jakarta,DKI Jakarta,3,1315,7.5,200908
69570,Sahid Manado Hotel,Jl. Babe Palar 1,Manado,North Sulawesi,3,54,5.2,303437
69579,Novotel Solo Hotel,Jl. Slamet Riyadi No.272,Solo (Surakarta),Central Java,4,1824,8.2,326447
69692,Villa Mathis a Member of Secret Retreats,"81 Jalan Bumbak Banjar Anyar, Umalas",Bali,Bali,4,44,8.1,418612
69693,FuramaXclusive Resort and Villas,"Jalan Raya Mambal Banjar Bindu, Mambal PO. Box 134 - Ubud 80571 Badung, Bali – Indonesia",Bali,Bali,5,289,7.9,595041
69845,Nandini Jungle Resort and Spa Bali,"Banjar Susut, Buahan, Payangan",Bali,Bali,5,413,8.4,950381
71854,Arion Swiss-Belhotel Bandung,Otto Iskandardinata Street No.16,Bandung,West Java,4,2512,7.9,319421
71855,Aston Braga Hotel & Residence Bandung,At Braga Citywalk Jl. Braga No 99 - 101,Bandung,West Java,4,4232,7.8,323154
71856,Grand Aquila Hotel,Dr. Djundjunan 116,Bandung,West Java,5,425,7.6,609131
71859,Hotel Santika Cirebon,Jl.Dr.Wahidin No.32,Cirebon,West Java,3,630,8.1,480922
71863,Kemang Icon Hotel,"Jalan Kemang Raya 1, Jakarta",Jakarta,DKI Jakarta,5,376,7.6,1151960
71864,Menara Peninsula Hotel,Jl. Let. Jend. S. Parman 78,Jakarta,DKI Jakarta,4,2827,7.7,384846
71868,Yulia Beach Inn Kuta,Jl. Pantai Kuta 43,Bali,Bali,3,2931,8.1,301218
71869,Bali Sorgawi Hotel,"Legian Kelod Street, Kuta",Bali,Bali,2,111,7.2,486777
71870,Hotel Santika Premiere Malang,Jl. Letjen Sutojo No. 79,Malang,East Java,4,706,8.3,1498478
71876,The Elysian Boutique Villa Hotel,18 Jalan Sari Dewi,Bali,Bali,5,137,8.6,4117850
71877,The Samaya Seminyak Villas,Jl. Laksmana,Bali,Bali,5,205,9.1,495000
71879,Sheraton Lampung Hotel,Jalan Wolter Monginsidi No. 175,Bandar Lampung,Lampung,4,368,7.6,493120
71891,Abian Biu Mansion,"Banjar Umalas kauh II 106, Tunon Kerobokan",Bali,Bali,3,63,7.2,146799
71893,Legong Keraton Beach Hotel,Jl. Pantai Berawa,Bali,Bali,3,917,8,561496
71899,Nugraha Lovina Seaview Resort and Spa,Jl.Raya Lovina beach,Bali,Bali,3,248,7.9,500517
71903,"Puri Lumbung Cottages, Restaurant & Spa, Munduk",Munduk Village,Bali,Bali,2,203,8.4,820015
71905,Kajane Mua Villas,Jl. Monkey Forest,Bali,Bali,5,2268,9.1,1084148
71928,Metro Hotel,"Jl. Haji Agus Salim 2-4, Pemuda Highway",Semarang,Central Java,3,1123,8,279197
71932,Lux Tychi Hotel Malang,Jl. Jaksa Agung Soeprapto 17,Malang,East Java,3,249,7,264028
71934,Kusuma Agrowisata Hotel,Jl. Abdul Gani Atas Batu,Malang,East Java,4,788,7.8,471069
71936,Novotel Mangga Dua Hotel,Jalan Gunung Sahari Raya no.1,Jakarta,DKI Jakarta,4,2798,7.8,584205
71938,Redtop Hotel,Jl. Pecenongan 72,Jakarta,DKI Jakarta,4,1364,7.7,651446
71940,Sunlake Hotel,"Jl. Danau Permai Raya Blok C 1, Sunter",Jakarta,DKI Jakarta,5,2813,7.9,431157
71941,Zia Sanno Jakarta,Jl. Pluit Selatan Raya No. 2,Jakarta,DKI Jakarta,3,1,5.2,320064
71952,Mitra Bandung Hotel,JL. WR Supratman No. 98 Bandung,Bandung,West Java,3,927,7.8,26447
71953,Gumilang Regency Hotel by Gumilang Hospitality,Jl Dr Setiabudhi No. 323-325,Bandung,West Java,3,1769,7.5,269393
71967,Patra Comfort Parapat,"Jl Pertamina Siuhan, Lake Toba",Parapat,North Sumatera,2,139,6.2,394100
71969,Sinabung Hills Resort,"Kolam Renang St. Kel Gundaling I Berastagi, Karo",Berastagi,North Sumatera,4,516,7.5,648445
71977,Novotel Palembang Hotel,R Sukamto Street No. 8A,Palembang,South Sumatera,4,560,8,900000
71986,Alaya Dedaun Kuta,Jalan Legian,Bali,Bali,5,308,9.2,1063005
71991,Puri Dewa Bharata Hotel,11 Nakula Street Seminyak Bali Indonesia,Bali,Bali,3,1049,7.6,385560
71992,Tonys Villas & Resort,"Jl. Petitenget Kerobokan, Seminyak, Bali 80361 - Indonesia",Bali,Bali,4,393,7.9,432760
71995,The Seminyak Suite - Private Villa - By Astadala,Jl.Raya Seminyak 17,Bali,Bali,5,453,8,1068480
72004,The Taman Ayu Hotel Seminyak,Jl. Petitenget,Bali,Bali,3,861,7.6,220174
72893,Inna Parapat,Marihat Street No 1,Parapat,North Sumatera,3,370,7.5,768496
72898,Hotel Tugu Sri Lestari,Jl. Merdeka 173,Blitar,East Java,3,241,8.5,384783
72899,Grand Inna Samudra Beach,"Jl. Raya Cisolok Km 7, Sukabumi",Pelabuhan Ratu,West Java,4,269,6.9,403563
72900,Manhattan Hotel,"1St, Prof Dr Satrio Street, Casablanca Kuningan, South Jakarta",Jakarta,DKI Jakarta,5,5142,7.5,523500
73410,Novotel Balikpapan Hotel,Jalan Brigjen Ery Suparjan No. 2,Balikpapan,East Kalimantan,4,714,7.8,550413
73532,Aryaduta Pekanbaru,Jl. Diponegoro No. 34,Pekanbaru,Riau,4,858,7.7,287334
73535,Plagoo Holiday Hotel,"Jl. Dalem Tarukan No. 7, Taman Mumbul",Bali,Bali,4,160,7.2,217521
73539,COMO Shambhala Estate,"Banjar Begawan, Desa Melinggih Kelod - Payangan",Bali,Bali,5,82,9,218473
73540,Emerald Garden Hotel,Jalan Kolonel Laut Yos Sudarso No.1,Medan,North Sumatera,4,511,7.8,323554
73546,The Arista Hotel Palembang,"Jl. Kapt. A. Rivai, South Sumatera",Palembang,South Sumatera,5,497,8.1,805785
73549,Karma Jimbaran,"Jalan Bukit Permai, Jimbaran Bay",Bali,Bali,5,55,8,462317
73551,Kuta Lagoon Resort & Pool Villa,Raya Legian Street No 363,Bali,Bali,3,745,8.2,746214
74874,Ambhara Hotel,Jl. Iskandarsyah Raya No.1,Jakarta,DKI Jakarta,4,1340,7.3,383531
74876,Bhanuswari Resort & Spa,"Jl.Tengkulak Tengah, Kemenuh, Sukawati",Bali,Bali,3,120,8.1,356626
74877,HARRIS Hotel Tebet,JL. Dr. Sahardjo No.191,Jakarta,DKI Jakarta,4,1090,7.6,475321
74881,Bali Bay View Suites,"Jalan Taman Mumbul, Nusa Dua",Bali,Bali,4,798,7.1,446227
76380,Novotel Bandung Hotel,Jalan Cihampelas No 23 25 West Java,Bandung,West Java,4,3220,8.1,353490
76392,Novotel Bali Nusa Dua Hotel,"ITDC Complex, Jl Pantai Mengiat",Bali,Bali,4,1139,8.1,614215
77182,Bulgari Resort Bali,"JL. Goa Lempeh, Banjar Dinas Kangin",Bali,Bali,5,192,8.7,10450000
78163,Mercure Surabaya Hotel,Jl Raya Darmo 68 - 78,Surabaya,East Java,4,1512,7.8,326000
78255,The Rani Hotel & Spa,Kartika Plaza Street No 46,Bali,Bali,3,813,8.1,338157
82056,"Mimpi Resort Tulamben, Dive & SPA",Jalan Raya Kubu,Bali,Bali,3,57,7.6,446233
84795,Bali Island Villas & Spa,Jalan Raya Petitenget 469,Bali,Bali,4,77,8.8,952164
85009,Champlung Mas Hotel,Jl. Melasti Lebak Bena,Bali,Bali,3,1355,7.5,171860
89700,Mutiara Bandung Hotel,JL. Kebon Kawung No 60,Bandung,West Java,3,1412,7.2,621241
89852,Bebek Tepi Sawah Villa And Spa,"Jl. Raya Goa Gajah, Br. Teges, Peliatan",Bali,Bali,4,1052,8.2,834793
90145,Bumi Senyiur Hotel,"Jalan Pangeran Diponegoro, No 17-19",Samarinda,East Kalimantan,4,222,7.8,536711
90333,Villa Air Bali Boutique Resort and Spa,"Jl. Lebak Sari, Br. Taman, Petitenget, Kuta, Kerobokan Kelod, Kuta Utara, Kabupaten Badung, Bali",Bali,Bali,5,41,8.8,1053719
95209,Anini Raka Resort & Spa,"Jl, Campuhan Sanggingan",Bali,Bali,4,293,7.7,228306
97581,Swiss-Belhotel Papua,Pusat Bisnis Jayapura,Irian Jaya / Papua,Papua,4,134,7.8,838843
97582,C151 Smart Villas at Seminyak,"Kayu Aya Street No.151 Seminyak, North Kuta",Bali,Bali,5,370,8.2,2795306
97592,Kamuela Villas and Suites Sanur,Jalan Cemara No. 33,Bali,Bali,5,532,8.6,441653
97600,Villa Coco,Jl. Arjuna (Ex. Double Six),Bali,Bali,3,91,8.4,813755
97603,Desamuda Village Hotel,"Jalan Raya Basangkasa 30A, Seminyak",Bali,Bali,4,489,8.4,925620
97609,The Kayana Villa,"Jalan Raya Petitenget, Kerobokan Kelod, Kuta Utara Denpasar",Bali,Bali,5,379,8.8,2114376
97615,Dolphin Hotel Bali,"Kalibukbuk Street, Lovina - North Bali",Bali,Bali,3,537,6.8,862300
97617,Bali Nyuh Gading Luxury Villas & Spa,"Umalas Street, No 99x Kerobokan - Badung",Bali,Bali,4,72,8.1,2179993
97622,Putri Ayu Cottages,Jl Bisma,Bali,Bali,3,475,7,642350
97626,Puri Sading Hotel,Jl. Danau Tamblingan No. 102 ,Bali,Bali,3,470,8.2,334711
97630,Saren Indah Hotel,"Nyuh Bojog no.30 St, Nyuh Kuning Mas",Bali,Bali,2,148,8.9,34346
97638,Seminyak Paradiso Hotel Bali,Jl. Champlung Tanduk,Bali,Bali,3,234,7,257438
97643,Bhavana Private Villas,"Jl. Pangkung Sari, Banjar Taman",Bali,Bali,4,158,7.7,735861
97650,The Ubud Village Resort,Jalan raya Nyuh Kuning Pengosekan,Bali,Bali,5,410,8.9,838282
97668,Mikie Holiday Resort,Jalan Letjend Jamin Ginting,Berastagi,North Sumatera,4,1344,7.6,920178
97670,Swiss-Belhotel Manokwari,Jalan Yos Sudarso No 8,Irian Jaya / Papua,Papua,4,82,7.2,714876
97672,Regent's Park Hotel,Jaksa Agung Suprapto 12-16,Malang,East Java,3,245,7.6,400618
97673,Hotel Pangeran Beach,Jalan Ir H Juanda 79,Padang,West Sumatera,4,382,7.4,457852
97675,Grand Jatra Pekanbaru Hotel,"Jl. Tengku Zainal Abidin No.1, Komplek Mal",Pekanbaru,Riau,5,485,7.7,432457
97678,CLARO Makassar Hotel & Convention,jalan A.P. Pettarani No. 3,Makassar,South Sulawesi,4,807,8.1,444664
97810,The Jayakarta Anyer Beach Resorts,Jl. Raya Karang Bolong Km. 17/135,Anyer,Banten,4,316,7.6,922320
98028,The Bali Dream Villa Seminyak,Jln. Bidadari 108X,Bali,Bali,4,326,7.9,575969
98031,Villa Hening Boutique Hotel & Spa,"Perum. Taman Griya, Kori Nuansa Kav. 17 Harbour View",Bali,Bali,4,94,8.2,1034579
99004,Nirwana Beach Club Cabana Resort,"Jalan Panglima Pantar, Bintan Resort",Bintan Island,Riau Islands,3,978,7.5,1033560
99054,Mirah Hotel & Resort Banyuwangi,Jalan Yos Sudarso No 28,Banyuwangi,East Java,3,234,7.2,235114
99058,Flamboyan Hotel Bali,"Jl. Kartika Plaza, Gang: Puspa Ayu I No.12",Bali,Bali,2,153,7.8,155417
99059,Bali Rich Luxury Villas Seminyak,"Jl. Mertanadi No. 29, Br. Mertanadi",Bali,Bali,4,236,7.9,509800
99061,Matahari Bungalow Hotel,Jl. Legian No. 210 Kuta Bali Indonesia,Bali,Bali,3,1377,8,161503
100215,Hyatt Regency Yogyakarta Hotel,Jalan Palagan Tentara Pelajar,Yogyakarta,D.I. Yogyakarta,4.5,1604,8.6,772038
100244,Pullman Jakarta Indonesia,"Jl. M.H. Thamrin No.59, Tanah Abang",Jakarta,DKI Jakarta,5,4738,8.4,908263
104013,"The Westin Resort Nusa Dua, Bali","Kawasan Pariwisata Nusa Dua, BTDC Lot N-3",Bali,Bali,5,1305,8.8,1100000
104194,Singgasana Hotel,JI. gunungsari,Surabaya,East Java,4,478,7.4,330579
104195,Travellers Suites Serviced Apartments,"15,Listrik Road",Medan,North Sumatera,4,204,6.9,599174
104236,TS Suites Surabaya,JL. Hayam Wuruk No. 6,Surabaya,East Java,4,1114,8.5,686320
104949,Aryaduta Medan,Jalan Kapten Maulana Lubis No.8,Medan,North Sumatera,4,3789,8.2,465198
108203,The Sandi Phala Resort,Jl. Wana Segara Tuban,Bali,Bali,5,539,8.9,1239669
108226,Villa Mahapala Hotel,Jl. Pantai Sindhu,Bali,Bali,5,493,8.5,1268672
108296,The Mansion Resort Hotel & Spa,"Jl. Penestanan, Sayan",Bali,Bali,4,869,8.2,454742
108438,Mason Elephant Lodge,"Jalan Elephant Safari, Taro",Bali,Bali,5,773,8.7,1301030
108442,The St. Regis Bali Resort,"Kawasan Pariwisata, Nusa Dua",Bali,Bali,5,136,9.3,7070300
108568,Somerset Berlian Jakarta,Jalan Permata Berlian V. Permata Hijau,Jakarta,DKI Jakarta,5,1640,8,921310
108582,Ascott Jakarta,Jl. Kebon Kacang Raya No 2,Jakarta,DKI Jakarta,5,3090,8.6,882336
108596,Ibis Styles Solo,Jalan Gajah Mada 23 Jawa Tengah ,Solo (Surakarta),Central Java,3,1739,8.1,247934
108637,Blu-Zea Resort by Double-Six,Jalan Camplung Tanduk 66,Bali,Bali,4,908,8.6,721973
108862,FuramaXclusive Ocean Beach Hotel Seminyak,"JI Arjuna 88X Legian, Kuta",Bali,Bali,4,2656,8.1,438341
108863,Maya Sayang Seminyak,"Jl. Mertasari No. 1, Kuta",Bali,Bali,4,266,8.5,768042
108936,Holiday Inn Resort Baruna Bali,"Jl Wana Segara No 33, Kuta-Tuban",Bali,Bali,5,357,8.4,642021
108951,Serela Riau,Jl. LLRE. Martadinata (Riau) No. 56,Bandung,West Java,3,2054,7.3,213615
108967,Mercure Jakarta Batavia,Jl. Kali Besar Barat No.44 - 46.,Jakarta,DKI Jakarta,4,63,8.7,574400
109027,The Pade Hotel,Jalan Soekarno Hatta No.1 Desa Daroy Kameu,Aceh,Aceh,3,362,8.1,470526
109049,Swiss-Belhotel Silae Palu,"Jl. Malonda No 12, Silae Palu, Central Sulawesi",Palu,Central Sulawesi,4,147,7.8,363545
109103,Sun Island Boutique Villas & Spa Seminyak,Jalan Raya Seminyak No. 188,Bali,Bali,4,322,8.5,1427574
109104,Anantara Seminyak Bali Resort,Jl. Abimanyu (Dhyana Pura) ,Bali,Bali,5,622,8.5,1501455
109154,Bali Kuta Resort,Jl Majapahit No. 18,Bali,Bali,4,1911,7,247934
109155,Mara River Safari Lodge Hotel,"Jl. Bypass Prof. Ida Bagus Mantra, Km 19.8",Bali,Bali,4,1135,8.1,1062568
109213,Kanishka Villas Hotel,Kunti street no.8Y,Bali,Bali,5,283,8.1,833506
109250,Novus Giri Resort & Spa,Jl. Sindanglaya Raya No. 180 Puncak West Java,Puncak,West Java,4,1602,7.8,794626
109847,Grand Setiabudi Business and Family Hotel,Jl. Dr. Setiabudi No. 130 - 134,Bandung,West Java,4,3127,7.8,233614
109848,The Majesty Business and Family Hotel,Jalan Suria Sumantri 91,Bandung,West Java,4,1925,7.4,257205
109873,Galeri Ciumbuleuit Family & Business Hotel,Jl. Ciumbuleuit No. 42A,Bandung,West Java,4,4915,7.7,291920
109883,The Haven Bali Seminyak,Jalan Raya Seminyak No. 500,Bali,Bali,4,5781,8.2,369338
111228,Casa Ganesha Hotel Ubud,Jl. Raya Pengosekan,Bali,Bali,2,716,7.6,180997
111546,Grand Tropic Suites Hotel,Jln. Letjend S. Parman Kav. 3,Jakarta,DKI Jakarta,4,2998,7.3,488717
119826,Alpine Hotel,"Gunung Sahari Raya Number 35, Jakarta Pusat",Jakarta,DKI Jakarta,3,248,6.2,184776
129579,Grand Swiss-Belhotel Medan,"Jalan S. Parman 217, North Sumatra",Medan,North Sumatera,5,3092,8.2,654207
147900,Villa Diana Bali Hotel,"Kresna Street - Ulun Tanjung, Legian, Kuta",Bali,Bali,3,467,7.6,228409
148658,Aston Marina Ancol Hotel and Residence,"Marina Mediterania, Tower A, Jl. Lodan Raya No. 2A",Jakarta,DKI Jakarta,4,2891,7.1,350720
148662,HOTEL and RESIDENCES Riverview Kuta - Bali (Associated HARRIS),Jalan Raya Kuta No. 62 A,Bali,Bali,4,2968,7.8,203802
148664,Swiss-Belhotel Tarakan,Jalan Mulawarman No. 15,Tarakan,North Kalimantan,4,200,7.4,813967
148671,Swiss-Belinn Baloi Batam,"Komp. Villa Idaman, Baloi",Batam Island,Riau Islands,3,3270,7.7,271074
148684,Swiss-Belhotel Borneo Banjarmasin,"Pangeran Antasari Street No. 86 A, P.O. Box 444, South Kalimantan",Banjarmasin,South Kalimantan,4,344,7.7,442149
148721,Hotel Indonesia Kempinski Jakarta,Jl. MH Thamrin No. 1,Jakarta,DKI Jakarta,5,2354,9.1,1695000
148722,Swiss-Belhotel Maleosan Manado,Jl. Jend Sudirman Kav. 85-87,Manado,North Sulawesi,4,568,7.9,502066
148738,Alila Villas Uluwatu,"Jl Belimbing Sari, Banjar Tambiyak, Desa Pecatu",Bali,Bali,5,467,9,9171723
148771,Hotel Santika Premiere Slipi Jakarta,Jl. AIPDA K.S. Tubun No. 7,Jakarta,DKI Jakarta,4,2001,7.9,477273
148824,"The Mayflower, Jakarta - Marriott Executive Apartments","Sudirman Plaza, Indofood Tower, Jl. Jenderal Sudirman Kav.76-78",Jakarta,DKI Jakarta,4.5,417,8.1,800000
148825,JW Marriott Hotel Medan,Jl. Putri Hijau No. 10,Medan,North Sumatera,5,2760,8.8,738000
148874,Bali World Hotel,Jl. Soekarno Hatta No. 713 By-Pass Timur,Bandung,West Java,3,689,6.8,225000
148956,Rumah Bali Nusa Dua,Pratama Street Tanjung Benoa,Bali,Bali,4,1257,8.8,838110
148997,Aston Kuta Hotel and Residence,Jl. Wana Segara No. 2-5,Bali,Bali,4,988,8,909901
149052,Batam View Beach Resort,Jl. Hang Lekir,Batam Island,Riau Islands,4,1796,7.2,674459
149063,Somerset Grand Citra Jakarta,Jl. Prof. Dr. Satrio Kavling 1,Jakarta,DKI Jakarta,5,1543,7.5,1303147
149155,Grand Quality Hotel,"Jalan Adisucipto No. 48, Depok",Yogyakarta,D.I. Yogyakarta,4,888,7.7,2616842
149184,Banana Inn Hotel,Jl. Dr. Setiabudhi 191,Bandung,West Java,4,1542,7.6,273633
149193,Cakra Kusuma Hotel,"Jalan Kaliurang Km 5.2, No 25",Yogyakarta,D.I. Yogyakarta,3,523,7.2,173566
154523,Sheraton Senggigi Beach Resort,Jalan Raya Senggigi Km. 8,Lombok,West Nusa Tenggara,4.5,1109,8.5,800000
159105,"The Ritz-Carlton Jakarta, Pacific Place",Sudirman Central Business District (SCBD) JL. Jenderal Sudirman Kav.52-53,Jakarta,DKI Jakarta,5,280,9.1,2610000
159159,FM7 Resort Hotel Bandara Jakarta Airport,Jl. Raya Perancis No. 67 Cengkareng,Jakarta,DKI Jakarta,4,5533,7.9,990000
159233,Puri Saron Baruna Beach Cottages,"Jl. Ahmad Yani, Desa Pemaron, Buleleng-Singaraja",Bali,Bali,3,159,7.1,283698
159241,Nirwana Beach and Resort,Jalan Raya Sengkidu,Bali,Bali,5,307,8,702663
159247,Villa Uma Sapna,"Jl. Drupadi No. 20XX, Basangkasa",Bali,Bali,5,583,8.9,1386694
159250,The Club Villas,"Jl. Kayu Aya, Gang Darma, Seminyak, Kuta, Seminyak, Kuta, Badung Regency, Bali.",Bali,Bali,5,508,8.2,1880186
159255,Puri Saron Madangan,"Desa Madangan, Petak",Bali,Bali,3,38,8.1,283698
161508,Away Bali Legian Camakila Resort,Jl. Padma Utara,Bali,Bali,4,894,8.4,545237
161513,Lumire Hotel,JL. Senen Raya 135,Jakarta,DKI Jakarta,4,814,7.8,454545
161608,Kokonut Suites,"JI. Raya Petitenget, No. 88, Kerobokan",Bali,Bali,4,1356,8.2,579201
161671,Komaneka at Bisma Ubud,"Jalan Bisma, Gianyar",Bali,Bali,5,1113,9.2,1586763
161688,Karma Kandara,"Jalan Villa Kandara, Banjar Wijaya Kusuma, Ungasan",Bali,Bali,5,334,7.9,4917355
161695,Grand Serela Setiabudhi Bandung,Hegarmanah Street No. 9-15,Bandung,West Java,4,1567,7.4,175255
161699,Tugu Lombok Hotel,"Jl Sigar Pejalin Sire Beach, Tanjung",Lombok,West Nusa Tenggara,5,188,9.2,1320984
161704,Golden Flower Hotel,Jl. Asia Afrika No. 15-17,Bandung,West Java,4,2880,7.6,366562
161722,The Royal Santrian Luxury Beach Villas,Jalan Pratama Nusa Dua,Bali,Bali,5,410,9.2,1505005
161777,Hotel Santika Premiere Jogja,Jalan Jendral Sudirman No. 19,Yogyakarta,D.I. Yogyakarta,4,1274,8.2,660331
161784,The Kunja Villas Hotel,Jl Lebak Sari no 8 Petitenget,Bali,Bali,5,211,9.2,1363636
161808,Akmani Hotel,"JI. KH. Wahid Hasyim 91, Thamrin, Menteng, Jakarta Pusat, Jakarta.",Jakarta,DKI Jakarta,4,3041,7.7,454545
161881,Bali Swiss Villa Hotel,Jl. Dewi Saraswati III No. 88,Bali,Bali,5,260,7,7829981
161968,Mercure Pontianak Hotel,"Jalan Jenderal Ahmad Yani, 91 West Kalimantan",Pontianak,West Kalimantan,4,803,7.9,388430
164225,Java Paragon Hotel & Residences,"JL. Mayjend Sungkono 101-103, Jawa Timur",Surabaya,East Java,4,2868,7.9,432661
165205,Acacia Hotel,JL. Kramat Raya No. 81,Jakarta,DKI Jakarta,4,762,6.7,304488
165206,Labersa Grand Hotel &Convention Center,JL. Labersa,Pekanbaru,Riau,5,239,7.9,464541
165208,The Citta Luxury Residence,JL. Yudistira No. 2 ,Bali,Bali,4,102,8.6,831056
165234,Orange Homes Syariah,"JL. Babakan Jeruk 1 No. 76, 022 2014955",Bandung,West Java,1,979,6.9,163636
165236,Bintang Flores Hotel,Jalan Pantai Pede,Labuan Bajo,East Nusa Tenggara,4,637,7.9,580690
165252,Losari Hotel & Villas Kuta Bali,Jl. Sahadewa no. 19,Bali,Bali,3,588,7.5,469566
165272,Hotel Mutiara Malioboro Yogyakarta,Jalan Malioboro No. 18,Yogyakarta,D.I. Yogyakarta,3,555,7.6,218836
165313,The Bidadari Villas and Spa,"Jl. Bumbak No. 27, Banjar Anyar Kelod",Bali,Bali,4,331,8.1,545371
165380,Mayaloka Villas,"Cendrawasih street No. 88 Petitenget, Seminyak. Bali",Bali,Bali,4,106,7.8,1761174
165465,The Grand Santhi Hotel,"Jl. Patih Jelantik No. 1,",Bali,Bali,3,133,6.9,320702
165472,Swiss-Belhotel Mangga Besar,JL. Kartini Raya No. 57,Jakarta,DKI Jakarta,4,4420,7.9,450000
165475,Aston Manado Hotel,Jl. Sudirman No. 128 95123,Manado,North Sulawesi,4,417,7.8,421488
165520,De Munut Balinese Resort,Jalan Raya Penestanan kelod Campuhan,Bali,Bali,3,331,8,280615
165653,DISINI Luxury Spa Villa,Jl. Mertasari No. 28,Bali,Bali,5,395,8.9,419605
165679,Kamuela Villas Seminyak,Jalan Bali Deli,Bali,Bali,5,69,7.8,1187706
168991,The Wolas Villas,Jl. Yudistira 18,Bali,Bali,5,577,8.5,1119332
169767,Best Western Resort Kuta,"JL. Kubu Anyar No. 118, Banjar Anyar",Bali,Bali,3.5,3825,7.4,268595
173630,Aston Balikpapan Hotel & Residence,Jl. Jend Sudirman No 7,Balikpapan,East Kalimantan,4,784,7.8,515080
174434,Grand Cemara Hotel,Jalan Cemara No 1,Jakarta,DKI Jakarta,3,1113,7.4,248693
174444,PARK HOTEL Cawang Jakarta,"Jl. D.I. Pandjaitan Kav. 5, Jakarta Timur",Jakarta,DKI Jakarta,3,824,7.6,477584
175179,Amor Bali Villa,"110C, no. 1 Dewi Saraswati Street",Bali,Bali,5,134,7.5,1606612
176841,The Radiant Hotel & Spa,Puri Grenceng Street 46,Bali,Bali,3,1459,7.5,428381
176849,Aston Denpasar Hotel & Convention Center,Jl. Gatot Subroto Barat No. 283,Bali,Bali,4,507,7.3,256783
176895,The Residences at Puri Casablanca,Jl. Puri Casablanca No.1,Jakarta,DKI Jakarta,4,1707,7.4,539635
178053,Grand Cikarang Hotel,Jl. Jababeka Raya Cikarang Industrial Estate,Cikarang,West Java,3,196,6.6,249999
178072,Danoya Villa Hotel,Jalan Batubelig no 559,Bali,Bali,5,835,7.7,1708216
178093,Sensa Hotel Bandung,Jl. Cihampelas No. 160,Bandung,West Java,4,4106,8.3,778093
178113,Aston Ketapang City Hotel,68A R.Suprapto Street,Ketapang,West Kalimantan,3,90,7.4,418824
178149,"Mutiara Bali Boutique Resort, Villas and Spa","Jl.Braban No.77, Br. Taman",Bali,Bali,4,1263,8.3,530025
178176,Abi Bali Luxury Resort and Villa,Jalan Karang Mas Sejahtera No 89,Bali,Bali,4,1253,8.2,824649
178182,Grand Kuta Hotel and Residence,Jalan Dewi Sri,Bali,Bali,4,425,7.4,461809
178285,Cemara Hotel Jakarta,Jalan Wahid Hasyim No.69,Jakarta,DKI Jakarta,3,818,7.5,226884
178530,Oasis Amir Hotel,"Jalan Senen Raya Kav. Jakarta, Pusat 135 - 137",Jakarta,DKI Jakarta,4,796,6.5,253001
178535,Turi Beach Resort,"Jalan Hang Lekiu, Nongsa, Batam - Indonesia",Batam Island,Riau Islands,4,2974,7.4,3249707
178539,Nongsa Point Marina & Resort,"Jalan Hang Lekiu, Nongsa, Batam Island - Indonesia",Batam Island,Riau Islands,4,948,7.2,787086
178545,Scarlet Dago Hotel,Jl. Siliwangi No.5,Bandung,West Java,3,670,7.8,270535
178559,Hotel 1001 Malam,"Sosrowijayan Wetan, Gedong Tengen I No. 57",Yogyakarta,D.I. Yogyakarta,2,1000,7.8,152932
178645,The Niche Bali Hotel,JL. Legian 190,Bali,Bali,3,244,8.4,323361
181781,Mason Pine Hotel Bandung,"Jl. Raya Parahyangan Km. 1,8 Kota Baru Parahyangan, Bandung Barat",Bandung,West Java,4,629,8,756198
182090,Marbella Hotel Dago,Jl. Sentra Dago Pakar,Bandung,West Java,4,1418,7.2,335797
182104,Kartika Chandra Hotel,Jalan Gatot Subroto Kav 18-20 ,Jakarta,DKI Jakarta,4,760,7,514297
182117,Summer Hill Private Villas & Family Hotel,Jl. Setrasari Raya No.10 ( depan STT Telkom Gegerkalong ),Bandung,West Java,4,1474,7.1,656643
182137,Merlynn Park Hotel,JL. K.H. Hasylm Ashari 29-31,Jakarta,DKI Jakarta,5,4040,7.9,531000
182170,HARRIS Hotel & Conventions Kelapa Gading,Sentra Kelapa Gading Jl. Bulevar Kelapa Gading Blok M,Jakarta,DKI Jakarta,4,3742,8.2,648744
185046,Mega Anggrek Hotel Jakarta Slipi,Jalan Arjuna Selatan No 4 Kel Kemanggisan Kec Palmerah,Jakarta,DKI Jakarta,3,1852,7,338001
185982,The Hills Nagoya Batam,Jalan Teuku Umar No.1 Nagoya Batam,Batam Island,Riau Islands,3,2739,7.2,4958678
185990,Sri Bungalows Ubud,Jl. Monkey Forest,Bali,Bali,3,1819,8,306947
185992,Le Grande Bali,"Block 5, Pecatu Indah Resort",Bali,Bali,5,1356,7.7,216349
186001,Impiana Private Villas Seminyak,Jl. Kunti No. 118,Bali,Bali,5,117,8.7,1160294
186003,Maharadja Hotel,Kapten Piere Tendean No.1,Jakarta,DKI Jakarta,3,856,6.8,408693
186043,Hotel Santika Pandegiling Surabaya,Jalan Pandegiling no. 45,Surabaya,East Java,3,1190,8.1,294065
186058,Vanda Gardenia Hotel & Resort,"Jalan Raya Trawas, Trawas, Mojokerto, East Java",Trawas,East Java,3,31,7.5,750001
186128,Cipta Hotel Wahid Hasyim,"53, Jalan Kyai Haji Wahid Hasyim",Jakarta,DKI Jakarta,2,528,7.3,247573
186314,Oria Hotel Jakarta,Jl. KH. Wahid Hasyim No.85,Jakarta,DKI Jakarta,3,784,7.3,323201
186392,Sayang Maha Mertha Hotel,"Jalan Melasti, Lebak Bene, Legian Kelod",Bali,Bali,3,1537,6.6,169291
186438,Travellers Hotel,Jl. Pangeran Jayakarta No.70  ,Jakarta,DKI Jakarta,3,619,7.5,354177
186481,Pondok Sari Hotel,Jl. Nyang Nyang Sari no. 7b - Kuta,Bali,Bali,2,702,7.2,244778
186505,Puri Mega Hotel,JL. Rawamangun No 59,Jakarta,DKI Jakarta,1,132,6.8,287023
186507,Mega Matra Hotel,Matraman Raya No. 115,Jakarta,DKI Jakarta,3,165,6.5,392173
186508,Puri Jaya Hotel,Jl. Percetakan Negara V No.5,Jakarta,DKI Jakarta,1,112,6.2,306001
186577,Rumah Turi Green Boutique Hotel,"Jl. Sri Gading II no. 12, Turisari, Mangkubumen, Solo, Central Java",Solo (Surakarta),Central Java,3,135,7.7,234119
186583,Jeeva Klui Hotel,jl. Raya Klui beach No.1,Lombok,West Nusa Tenggara,4,1004,9.1,828260
186635,Abadi Hotel Yogyakarta by Tritama Hospitality,Jalan Pasar Kembang No. 49 near Malioboro,Yogyakarta,D.I. Yogyakarta,4,1043,7.4,401337
186649,Sara Residence by Nakula Management,Nakula Street no. 9,Bali,Bali,3,373,7.9,402453
186664,Cassadua Hotel Pasteur,Jl. Cassa No. 2,Bandung,West Java,2,269,6.4,103497
186703,GH Universal Hotel,Jl. Setiabudi No. 376,Bandung,West Java,5,2233,7.5,669552
186704,Lembang Asri Resort,"Jl. Kolonel Masturi, KM.4",Bandung,West Java,3,375,7.7,302843
186716,The Grand Palace Hotel Yogyakarta,Jalan Mangkuyudan No. 32 Prawirotaman,Yogyakarta,D.I. Yogyakarta,3,456,7.4,204988
186722,The Oxalis Regency Hotel,Cempaka Street No.17,Magelang,Central Java,3,56,6.8,451548
186730,Grand Zuri Jababeka Hotel,"Jl. Niaga Raya Kav.AA-2, Kawasan Industri Jababeka II",Cikarang,West Java,4,561,7.7,293619
186759,Orchardz Hotel Gajah Mada,Jl. Gajah Mada No.89,Pontianak,West Kalimantan,3,1027,7.4,333000
186855,Kebun Villas & Resort,"Jl. Raya Senggigi, Km. 8.",Lombok,West Nusa Tenggara,4,2383,8.1,340910
186858,Hotel Santika Makassar,Jl. Sultan Hasanuddin No. 40,Makassar,South Sulawesi,3,315,7.8,371901
186859,Grand Luley Manado,"Tongkaina, Kecamatan Bunaken, North Sulawesi",Manado,North Sulawesi,4,271,8.2,556093
186864,Vision Villas Resort,"Medahan, Blahbatuh, Gianyar, Bali 80581, Indonesia",Bali,Bali,4,47,7.9,334739
186870,Alpha Inn,Jalan Gatot Subroto (simpang Skip) No 148 A,Medan,North Sumatera,3,498,6.4,185454
186878,Garuda Plaza Hotel,Jl. Sisingamangaraja No.18,Medan,North Sumatera,4,630,7.2,340398
186905,Sintesa Peninsula Hotel,"Jl. Jend. Sudirman, Gunung Wenang",Manado,North Sulawesi,5,521,7.8,827895
186928,Cakra Kembang Hotel Yogyakarta,"Jalan Kaliurang KM 5,5 No.44",Yogyakarta,D.I. Yogyakarta,3,370,7.4,166165
186938,Ros In Hotel Yogyakarta,Jalan Lingkar Selatan No. 110,Yogyakarta,D.I. Yogyakarta,4,154,7.2,300766
186965,Nirmala Hotel & Resort,Jl. Uluwatu II No. 10,Bali,Bali,3,186,6.4,191603
187002,The K Hotel,Nagoya Garden Phase II,Batam Island,Riau Islands,2,397,7.3,223534
187009,Triniti Hotel Nagoya,"Jalan Raja Ali Haji, Kompleks Boulevard, Block CC No. 11",Batam Island,Riau Islands,2,605,6.7,184091
187061,Grands I Hotel,"Jl. Teuku Umar, Bukit",Batam Island,Riau Islands,4,3535,8.7,885147
187064,Royal Senyiur Hotel,"Jalan Putuk Truno 208, Prigen, Tretes, Pasuruan",Trawas,East Java,5,223,8.4,480216
187093,Hotel Santika BSD City Serpong,"Teraskota Entertainment Center, Jl.Pahlawan Seribu CBD Lot VII B, Serpong BSD City",Tangerang,Banten,3,1079,7.3,472727
187094,Kinari Residence,Jl. Pare 1 Blok G1 no.12,Tangerang,Banten,3,213,6.9,251640
187116,Puri Maharani Boutique Hotel,"Jl. By Pass Ngurah Rai, Tohpati",Bali,Bali,3,189,7.5,720853
187123,Morrissey Hotel Residences,"Jalan Wahid Hasyim No.70, Menteng",Jakarta,DKI Jakarta,4,3293,8.3,651240
187130,The Lombok Lodge,Jalan Oberoi,Lombok,West Nusa Tenggara,5,47,9.5,4907449
193546,D'Season Hotel Jemursari,Jl. Tenggilis Utara 14 Jemursari,Surabaya,East Java,3,779,7.2,204437
193585,Adirama Beach Hotel,"Jalan Raya Singaraja-Seririt, Lovina, Kaliasem, Bali",Bali,Bali,3,394,7.6,229723
194479,Hilton Bandung,H.O.S Tjokroaminoto Road No. 41-43,Bandung,West Java,5,4032,8.8,1102500
195532,Seminyak Town House,"Jl. Dewi Ratih No. 3, Nakula, Seminyak - Bali",Bali,Bali,4,347,7.2,595453
195613,Sheraton Surabaya Hotel & Towers,Jalan Embong Malang 25-31,Surabaya,East Java,5,1881,8.6,800000
196589,Prime Plaza Suites Sanur - Bali,Jl. By Pass Ngurah Rai No. 83,Bali,Bali,4,445,8.2,498273
200524,OYO 1729 I-shine Hotel,"No. 158, Jl. Jenderal Sudirman, Pekanbaru",Pekanbaru,Riau,2,229,6.4,520784
200530,Gran Senyiur Hotel,Jl. A.R.S. Mohammad No. 07,Balikpapan,East Kalimantan,5,240,8.2,388745
200945,Pullman Bali Legian Beach,1 Melasti Bali,Bali,Bali,5,941,8.1,475207
201185,Andari Legian Hotel,"Jalan Jatayu II No.88 (Nakula Timur) ,Legian Kaja,Legian,Kuta",Bali,Bali,2,112,7.7,231309
207017,Hotel Oranjje,Jalan. Hayam Huruk No. 200,Bali,Bali,3,28,7.1,165761
212801,Manado Quality Hotel,Jl. Piere Tendean No. 88- 89 ,Manado,North Sulawesi,4,156,8.1,505785
216177,Amaroossa Bandung hotel,Jalan Aceh #71 A,Bandung,West Java,4,1480,7.5,331668
216206,Grand Zuri Pekanbaru Hotel,Jl. Teuku Umar No.7,Pekanbaru,Riau,4,460,7.5,321396
216219,Nagoya Plasa Hotel,Jl. Imam Bonjol,Batam Island,Riau Islands,3,1547,6.9,267524
216220,Pacific Palace Hotel,Jl. Duyung Sei Jodoh,Batam Island,Riau Islands,4,2083,7.6,350239
221496,Prime Plaza Hotel Jogjakarta,"Jalan Affandi Gejayan, Complex Colombo",Yogyakarta,D.I. Yogyakarta,4,766,8.2,470053
222486,Marbella Hotel Convention & Spa Anyer,"Jl. Raya Karang Bolongkm 135, Desa Bandulu",Anyer,Banten,5,1750,6.4,444792
222986,Hotel Jentra Malioboro,Jalan Dagen Malioboro 85,Yogyakarta,D.I. Yogyakarta,3,1141,7.5,196364
223002,University Hotel Jogja,Jalan Adi Sucipto km 10 / Anggrek no 137 D Sambilegi Maguwoharjo Depok,Yogyakarta,D.I. Yogyakarta,3,105,7.3,194805
223132,Club Bali Family Suites @ Legian Beach,Jl. Werkudara 526,Bali,Bali,4,231,7.6,563558
223208,Le Dian Hotel,Jl. Jendral Sudirman No. 88,Banten,Banten,4,304,7.6,431203
223235,"The Khayangan Dreams Villa, Seminyak",Jl. Lebak Sari No. 27 Petitenget,Bali,Bali,5,129,7.9,686541
225725,Artemis Villa & Hotel,"JI.Camplung Tanduk, Gg-Puri Kubu 63F",Bali,Bali,4,740,8.3,475207
225729,Hotel Gajahmada,Jalan Gajahmada 177 - 183,Pontianak,West Kalimantan,3,173,7.6,208636
225730,Hotel Kini,Jalan Nusa Indah III,Pontianak,West Kalimantan,3,259,7.8,313762
225732,Gajahmada Avara Boutique Hotel,"Gajahmada Street, No. 86 - 88",Pontianak,West Kalimantan,3,198,7.6,228273
225739,The Samaya Ubud Villas,"Br. Baung, Desa Sayan",Bali,Bali,5,174,9.2,3272727
230139,Mutiara Carita Cottages,Jalan Raya Carita - Labuan KM 7,Anyer,Banten,3,499,6.9,629819
230160,Hotel Pangeran,"Jl. Jendral Sudirman, No. 371-373",Pekanbaru,Riau,4,310,8,536264
230299,Grand Mahkota Hotel,Jalan Sidas No 8,Pontianak,West Kalimantan,4,116,7.5,294909
230307,Amaris Hotel Banjar,Jl. Ahmad Yani KM 7,Banjarmasin,South Kalimantan,2,123,6.8,181901
230327,Star Hotel,Jalan Gajahmada No 189,Pontianak,West Kalimantan,3,160,7.6,363540
230330,The Jayakarta Suite Komodo Flores,Jl. Pantai Pede Km.5,Labuan Bajo,East Nusa Tenggara,5,320,7.2,662836
230345,The Alts Hotel Palembang,Jl. Rajawali No. 8,Palembang,South Sumatera,4,708,8,483526
230347,Buana Lestari Hotel,Jl. Jend Sudirman No. 418 Komp. Pasar Baru,Balikpapan,East Kalimantan,2,80,7.8,292049
230350,Hotel Horison Sagita Balikpapan,Jalan Mayjend Sutoyo 69,Balikpapan,East Kalimantan,3,116,7.1,353637
230351,Kapuas Palace Hotel,Jalan Gajahmada No 889,Pontianak,West Kalimantan,3,518,7.5,204709
230360,Hotel Pacific Balikpapan,Jalan Jendral Ahmad Yani No 33,Balikpapan,East Kalimantan,3,63,7.1,347677
230390,d Omah Hotel Yogya,"Tembi, Jalan Parangtritis Km 8.5, Timbulharjo, Sewon",Yogyakarta,D.I. Yogyakarta,3,361,8.5,756198
230391,Eclipse Hotel Prawirotaman,Jalan Prawirotaman No. 35,Yogyakarta,D.I. Yogyakarta,2,471,8.5,239932
230396,Grand Jatra Hotel Balikpapan,Jalan Jendral Sudirman No 47,Balikpapan,East Kalimantan,5,640,7.9,817261
230397,eL Hotel Royale Bandung,Jl. Merdeka 2,Bandung,West Java,4,5325,7.8,572250
230398,Grand Surya Hotel Kediri,Jalan Doho 95,Kediri,East Java,4,459,8.1,603791
230407,Hotel Merdeka Kediri,Jl Basuki Rahmat 4,Kediri,East Java,3,154,7.4,372244
230408,Hotel Polonia Medan Managed by Topotels,Jalan Jendral Sudirman No 14,Medan,North Sumatera,4,520,7.3,407860
230442,Amaris Hotel Cimanuk Bandung,Jl. Cimanuk 14,Bandung,West Java,2,831,7.4,241818
230452,Harmoni Hotel Batam,Jl. Imam Bonjol,Batam Island,Riau Islands,4,2510,8.1,325413
230462,Kunti Villas,"Jl. Kunti II, Seminyak, Kuta, Kabupaten Badung, Bali.",Bali,Bali,5,147,7.6,321074
230470,POP! Hotel Teuku Umar,Jalan Teuku Umar No. 74,Bali,Bali,2,1176,7.3,203271
230543,Roemahkoe Heritage Hotel,Jalan Dr Rajiman No. 501,Solo (Surakarta),Central Java,2,95,8.6,267576
230546,Sri Ratih Cottages,"Jalan Campuhan 1, Penestanan, ",Bali,Bali,3,1386,8.4,595131
230553,Arya Amed Beach Resort & Dive Center,"Jalan Raya Bunutan, Amed Beach",Bali,Bali,4,274,7.8,783967
230554,Aston Samarinda Hotel,Jalan Pangeran Hidayatullah,Samarinda,East Kalimantan,4,563,7.9,703017
230666,Aston Jayapura Hotel and Convention Center,Jl. Percetakan Negara 50 - 58,Irian Jaya / Papua,Papua,4,79,8,659504
230667,Aston Niu Manokwari Hotel,"Sogun Hill, Block B-3, Street Esau Sesa",Irian Jaya / Papua,Papua,4,53,7,708000
230682,Sahid Montana Dua Hotel,Jl. Candi Panggung No. 2,Malang,East Java,3,273,6.6,262248
230688,Hotel Sahid Montana,Jl. Kahuripan No 09,Malang,East Java,3,531,6.9,222473
230689,Hotel Santika Kuta Bali,"Number 98, Raya Kuta Street",Bali,Bali,3,722,7.8,373347
230697,Palm Beach Hotel & Resort,"Jenggala Street No. 1, Kuta, next to Holiday Inn Kuta",Bali,Bali,3,864,7.6,263256
230701,Solo Paragon Hotel & Residences,Jalan Dr. Sutomo,Solo (Surakarta),Central Java,4,3632,8,397325
230703,Suly Vegetarian Resort and Spa,"Jalan Cok Rai Pudak Br. Yangloni, Peliatan",Bali,Bali,3,681,7.2,367574
230707,Umalas Hotel and Residence,"83, II Umalas Street, Kerobokan Kuta Badung",Bali,Bali,4,442,7.4,355210
230743,Baleka Resort Hotel and Spa,"Jl. Werkudara, Legian-Kuta",Bali,Bali,3,1446,8.5,211349
230779,The Grand Sunti Resort,"Jl. Raya Pengosekan Ubud, Gianyar",Bali,Bali,3,250,7.6,495651
234432,Fivelements Bali Retreat,"Desa Adat Baturning, Mambal, Abiansemal",Bali,Bali,5,281,8.4,1700377
234446,Lakeview Hotel and Restaurant,"Penelokan, Bangli",Bali,Bali,3,323,6.8,354793
234452,Nalendra Hotel,Jl. Cihampelas No. 225-229,Bandung,West Java,3,254,6,241818
234467,Taman Ahimsa,"Jl. Pantai Mengening, Desa Cemagi, Mengwi, Badung",Bali,Bali,5,1,9.3,211349
235104,Grand Sinar Indah Hotel,"Jl. Padma Utara, Legian Tengah, Kuta",Bali,Bali,3,347,8,129959
235119,The Tanis Villas,Mushroom Bay - Lembongan,Bali,Bali,3,231,7.5,510743
236686,Nunamkhalu Private Villa and SPA,"Jl. Melasti II No. 88, Desa Kutuh, Nusa Dua",Bali,Bali,4,90,7.8,875251
236922,Amos Cozy Hotel Melawai,Melawai Raya 83-85,Jakarta,DKI Jakarta,4,353,6.6,325391
236939,Puteri Gunung Hotel,Jalan Raya Tangkuban Perahu KM 16-17,Bandung,West Java,4,536,7.7,391100
236947,Treva International,"Menteng Raya Street No.33, Kb. Sirih, Menteng, Central Jakarta",Jakarta,DKI Jakarta,4,196,6.4,385360
236968,SanGria Resort and Spa,Jl. Hortikultura No. 88,Bandung,West Java,3,489,7.9,714138
236991,"Sutanraja Hotel, Convention & Recreation","Jl. Raya Manado Bitung, Watutumou II, Kec. Kalawat, Kab Minahasa Utara",Manado,North Sulawesi,4,135,6.3,698868
237063,Swiss-Belinn Medan,Jl. Surabaya No. 88,Medan,North Sumatera,3,3928,7.6,304959
237088,Grasia Hotel,Jalan S. Parman No. 29,Semarang,Central Java,3,191,6.9,175749
237097,Semesta Hotel,Jalan Wahid Hasyim No 125-127,Semarang,Central Java,3,1510,7.2,248747
237189,Abadi Suite Hotel & Tower Jambi by Tritama Hospitality,Jalan Prof. HMO. Bafadhal No.111,Jambi,Jambi,4,239,7.3,249856
237251,Tasik Ria Resort,Jl. Raya Trans Sulawesi,Manado,North Sulawesi,4,50,7.4,669421
237284,Swiss-Belhotel Ambon,Jalan Benteng Kapaha,Ambon,Maluku,4,262,7.6,580165
237328,favehotel MEX Surabaya,Jl. Pregolan 1 - 5,Surabaya,East Java,3,2011,7.3,211560
237450,Grand Orchid Hotel,Jalan Gajah Mada No. 29,Solo (Surakarta),Central Java,3,483,7.1,169364
237503,Batavia Apartments Serviced Residence Jakarta,Jl. K.H. Mas Mansyur Kav. 126,Jakarta,DKI Jakarta,4,2152,7.3,369364
237515,Pandawas Ubud,"Jl.Raya Kendran No.1, Banjar Kepitu, Desa Kendran, Tegallalang",Bali,Bali,4,22,8.1,877871
237522,Collection O 20 Astana Kunti Seminyak,"39, Jl. Dewi Saraswati III, Bali",Bali,Bali,3,670,7.5,207231
237704,Amaris Hotel Panakkukang,3 Jalan Bougenville,Makassar,South Sulawesi,2,206,7,247107
237749,Grand Sahid Jaya Jakarta City Center,JL. Jend. Sudirman Kav. 86,Jakarta,DKI Jakarta,5,2527,7.1,369346
237782,Adiwana Dara Ayu Villas,Jalan Raya Buahan No. 88X Majangan Payangan,Bali,Bali,4,212,8.1,691736
237890,Bidadari Private Villas & Retreat,Kelabang Moding,Bali,Bali,4,210,9.3,1782000
237900,Orchardz Jayakarta Hotel,Pangeran Jayakarta Street No 44,Jakarta,DKI Jakarta,3,1888,7.5,309917
237966,Swiss-Belinn Kristal Kupang,Jl. Timor Raya No. 59,Kupang,East Nusa Tenggara,3,168,6.8,371901
237987,A Residence,"Jl. Pudak Sari, Kartika Plaza",Bali,Bali,3,722,6.8,173004
237994,Handara Golf & Resort Bali,"Pancasari Village, Sukasada, Singaraja",Bali,Bali,3,183,7.2,511976
237995,Hotel Villa Ubud,Br. Pedapdapan,Bali,Bali,4,102,8.5,1404959
238005,Gandasari Hotel,Jl. Seram No. 3,Bandung,West Java,3,433,7.7,177620
238012,Hotel Cihampelas 1,Jl. Cihampelas No. 240,Bandung,West Java,2,278,6.3,391200
238032,The Luxton Hotel,Jl. Ir. H. Juanda No. 18,Bandung,West Java,4,3122,8,332884
238036,Villa Karissa Boutique Hotel,Jalan Drupadi 2 No 100X,Bali,Bali,4,103,7.9,595936
239344,Bali Paradise City Hotel,"Jl. Teuku Umar Barat No. 234, Denpasar",Bali,Bali,3,33,6.3,173660
239352,Grand Sakura Hotel,Jl. Prof. Mohammad Yamin 41 M,Medan,North Sumatera,3,1981,7.5,278721
239393,Gloria Amanda Hotel Yogyakarta,Jalan Sosrowijayan GT I No.195 Kotamadya,Yogyakarta,D.I. Yogyakarta,1,312,6.7,195697
239397,Hermes Palace Hotel Medan,Jalan Pemuda No.22,Medan,North Sumatera,4,800,7.4,383719
239402,Malioboro Inn Hotel,Jalan Sosrowijayan No. 23-25,Yogyakarta,D.I. Yogyakarta,1,188,7.3,191250
239405,Capital O 2023 Medan Ville Hotel.,"BB/1, Taman Multatuli Indah, Jalan Multatuli Blok BB No.1, Hamdan, Medan Maimun, Hamdan, Medan Maimun, Kota Medan, Medan",Medan,North Sumatera,3,243,6.6,278921
239433,Whiz Hotel Malioboro Yogyakarta,Jalan Dagen 8 Malioboro,Yogyakarta,D.I. Yogyakarta,2,2111,7.5,247713
239439,OYO Townhouse 1 Hotel Salemba Near RS PGI Cikini,"Jl. Salemba Raya No.26, RT.4/RW.6. Kenari, Senen, Jakarta Pusat, Central Jakarta, 10430",Jakarta,DKI Jakarta,2,204,7.3,217638
239443,Gino Feruci Kebon Jati Bandung,Kebon Jati Street No. 71 - 73,Bandung,West Java,4,1796,7.3,211368
239456,Gili Exotic Villas,"jalan raya Gili Trawangan, desa gili indah, pemenang",Lombok,West Nusa Tenggara,3,325,8.3,467337
239490,Puri Sari Beach Hotel,"Pede Beach Street, Labuan Bajo-Flores",Labuan Bajo,East Nusa Tenggara,3,620,8.7,343410
239500,Sylvia Hotel Kupang,Jl. Soeharto No. 45 - 53,Kupang,East Nusa Tenggara,3,125,7.5,328162
239516,Hotel Bidakara Grand Pancoran,JL. Gatot Subroto KAV 71-73 Pancoran Jakarta 12870,Jakarta,DKI Jakarta,4,949,7.7,425177
239605,Swiss-Belhotel Kendari,Jl. Edi Sabara No. 88,Kendari,South East Sulawesi,4,227,7.8,491736
239609,Anginsepoi Villa,"Jl. Munduk Kedungu,Banjar Pengembungan Desa PererenaN, Mengwi",Bali,Bali,4,482,8.5,404870
239612,Aston Pontianak Hotel and Convention Center,Jl. Gajah Mada 21,Pontianak,West Kalimantan,4,702,7.7,363540
239613,Aston Tanjung City Hotel,Jl Mabu’un Raya Murung Pudak,Mabuun,South Kalimantan,3,40,7.4,791008
239727,The Edge Bali Villa,"Jl. Pura Gowa Lempeh, Br. Dinas Kangin Pecatu",Bali,Bali,5,72,9.3,8774474
239755,Amaris Hotel Pekanbaru,Jl. K.H Wahid Hasyim No. 30,Pekanbaru,Riau,2,253,7.4,177827
239774,Hotel Palm,Jalan S. Parman No 189,Banjarmasin,South Kalimantan,3,32,6.5,241899
239823,Amertha Bali Villas,"Dusun Pemuteran, Kecamatan Gerokgak, Kabupaten Buleleng",Bali,Bali,4,124,8.6,696138
239850,Hotel Santika Bangka,"Jl. Soekarno Hatta, Km.5 No. 17",Bangka,Bangka Belitung Islands,3,462,7.4,456612
240055,89 Hotel,"Pembangunan Baloi Street, Block VI, Penuin",Batam Island,Riau Islands,3,2826,7.7,267524
240073,The Jas Villas,"Jalan Laksmana Gang Bugis, Seminyak, Bali, Indonesia",Bali,Bali,4,1281,7.6,660124
240074,The Purist Villas & Spa,Jl. Tirta Tawar Banjar Kutuh Kaja,Bali,Bali,4,125,9.1,1315994
240077,Asmila Boutique Hotel,Jl. Dr. Setiabudhi no. 54,Bandung,West Java,4,752,7.5,315336
240083,Bentani Hotel & Residence,Siliwangi 69,Cirebon,West Java,3,416,8.1,486846
240093,Golden View Hotel,Jl. Bengkong Laut,Batam Island,Riau Islands,4,1321,7.8,357025
240095,Grage Hotel Cirebon,Jln. RA. Kartini no. 77,Cirebon,West Java,4,585,8.1,487224
240258,Hotel Mawar Asri Yogyakarta,Jalan H. Agus Salim No. 40 Notoprajan Ngampilan,Yogyakarta,D.I. Yogyakarta,2,203,7.1,141322
240289,Hotel Ayu Beach Inn,Jalan Popies I,Bali,Bali,1,41,6.4,268790
240300,Grand Menteng Hotel,Jl. Matraman Raya No. 21,Jakarta,DKI Jakarta,3,108,6.5,217638
240325,The Akasha Luxury Villas,Jl.Batu Belig No.999ab,Bali,Bali,5,164,8.4,3706309
